id,first_name,last_name,email,ip_address
1,Ameline,MacEvilly,amacevilly0@irs.gov,204.73.38.135
2,Ede,Fallow,efallow1@bloomberg.com,95.202.195.133
3,Sephira,Konerding,skonerding2@apple.com,193.55.226.107
4,Leonhard,Comelini,lcomelini3@mapy.cz,78.177.66.246
5,Jayne,Adrain,jadrain4@devhub.com,105.6.151.204
6,Geoffry,McGougan,gmcgougan5@themeforest.net,60.108.249.89
7,Lita,Lindgren,llindgren6@goo.gl,151.220.12.28
8,Ozzie,Dalyell,odalyell7@ebay.com,48.174.208.159
9,Durward,Ostridge,dostridge8@nature.com,58.89.129.2
10,Neilla,Gethings,ngethings9@mit.edu,95.9.5.2
11,Heywood,Parlot,hparlota@hp.com,255.204.198.242
12,Caesar,Kersting,ckerstingb@woothemes.com,213.146.40.240
13,Hunt,Bradd,hbraddc@addthis.com,90.31.3.224
14,Giacopo,Barrim,gbarrimd@usgs.gov,123.217.49.22
15,Tracey,Buckeridge,tbuckeridgee@dailymail.co.uk,207.117.26.140
16,Petr,Stent,pstentf@washingtonpost.com,85.254.120.99
17,Rey,Carragher,rcarragherg@cornell.edu,252.180.34.204
18,Lyle,Elletson,lelletsonh@symantec.com,155.133.117.36
19,Denna,Wincott,dwincotti@ucoz.com,208.156.137.129
20,Maitilde,Burdikin,mburdikinj@homestead.com,40.52.36.11
21,Lorin,Pecha,lpechak@jiathis.com,241.164.210.70
22,Vilhelmina,Paullin,vpaullinl@histats.com,63.153.236.176
23,Roanne,Stanyan,rstanyanm@last.fm,149.76.202.241
24,Connie,Michele,cmichelen@seesaa.net,116.105.108.2
25,Addy,Asher,aashero@istockphoto.com,162.144.179.200
26,Sonnie,Crommett,scrommettp@google.com.hk,222.212.164.221
27,Danie,Paolo,dpaoloq@ibm.com,41.134.87.224
28,Kipp,Pordal,kpordalr@scientificamerican.com,198.163.255.99
29,Austin,Grimsdyke,agrimsdykes@google.com.hk,169.141.30.5
30,Calida,Brownlee,cbrownleet@blogspot.com,230.87.234.46
31,Rees,Perigo,rperigou@photobucket.com,78.7.45.10
32,Darelle,Coulthard,dcoulthardv@bloomberg.com,115.161.112.40
33,Netty,Christophe,nchristophew@netscape.com,79.114.157.75
34,Petronella,Shenfish,pshenfishx@ibm.com,172.150.47.217
35,Maudie,Le Gall,mlegally@slideshare.net,196.123.66.74
36,Godart,Kenion,gkenionz@ebay.co.uk,40.131.105.239
37,Lou,Woolf,lwoolf10@springer.com,254.29.186.142
38,Ross,Granleese,rgranleese11@goo.gl,179.231.189.173
39,Ellwood,De Freyne,edefreyne12@wisc.edu,1.190.166.226
40,Ethelred,Barehead,ebarehead13@theglobeandmail.com,67.210.251.67
41,Consolata,Raun,craun14@google.com.br,250.39.28.88
42,Katti,Avrasin,kavrasin15@topsy.com,21.72.112.0
43,Byrom,Hunsworth,bhunsworth16@dropbox.com,136.221.62.77
44,Gilemette,Anelay,ganelay17@sohu.com,143.1.229.100
45,Marge,Pautard,mpautard18@com.com,182.62.44.42
46,Gilberte,Hardinge,ghardinge19@sina.com.cn,69.45.135.45
47,Joyan,Keedwell,jkeedwell1a@wp.com,236.211.25.236
48,Raquela,Adelman,radelman1b@usnews.com,23.248.18.41
49,Taryn,Tanslie,ttanslie1c@twitpic.com,118.9.234.209
50,Charil,Lawlor,clawlor1d@apple.com,30.31.213.5
51,Tabina,Betje,tbetje1e@webeden.co.uk,57.221.187.249
52,Ninnette,Gaskall,ngaskall1f@umn.edu,146.75.251.2
53,Urson,Lester,ulester1g@studiopress.com,164.223.128.168
54,Ruperta,Scutcheon,rscutcheon1h@si.edu,59.48.82.52
55,Renata,Broggini,rbroggini1i@army.mil,159.41.37.131
56,Jacenta,De Ferrari,jdeferrari1j@independent.co.uk,242.200.81.130
57,Carver,Hankin,chankin1k@plala.or.jp,138.36.75.179
58,Kennett,Fewless,kfewless1l@ustream.tv,123.53.143.71
59,Patricia,Menlow,pmenlow1m@theguardian.com,124.201.140.180
60,Llewellyn,Kee,lkee1n@angelfire.com,146.22.140.206
61,Annabell,Hayhurst,ahayhurst1o@printfriendly.com,251.94.154.254
62,Julianne,Deane,jdeane1p@infoseek.co.jp,105.107.70.46
63,Abagael,Yushachkov,ayushachkov1q@livejournal.com,129.147.118.240
64,Mercy,Repp,mrepp1r@unc.edu,14.190.142.100
65,Lavina,Hubbart,lhubbart1s@unblog.fr,115.91.112.114
66,Timoteo,Quail,tquail1t@vk.com,92.202.250.218
67,Marsha,Edensor,medensor1u@vinaora.com,187.229.166.41
68,Jamil,Fruchon,jfruchon1v@cocolog-nifty.com,9.4.227.171
69,Barnie,Jeannenet,bjeannenet1w@i2i.jp,192.193.116.156
70,Germain,Crowther,gcrowther1x@bandcamp.com,123.224.0.250
71,Olav,Seth,oseth1y@independent.co.uk,229.232.170.185
72,Cosetta,Collum,ccollum1z@webnode.com,185.207.247.63
73,Jeremiah,Ellacombe,jellacombe20@blogtalkradio.com,62.40.78.188
74,Jori,Treffrey,jtreffrey21@businessweek.com,75.211.123.195
75,Kirstin,Butterly,kbutterly22@princeton.edu,225.160.179.108
76,Gerard,Plaxton,gplaxton23@arstechnica.com,143.13.247.217
77,Ludvig,Capstake,lcapstake24@ning.com,29.33.161.209
78,Kelly,Peperell,kpeperell25@toplist.cz,62.192.24.47
79,Alastair,Girk,agirk26@cnet.com,158.131.27.251
80,Pavia,McMyler,pmcmyler27@skype.com,95.205.177.216
81,Ophelia,Creak,ocreak28@de.vu,229.89.5.194
82,Dietrich,Ricardo,dricardo29@mediafire.com,57.173.93.204
83,Claudine,Coldridge,ccoldridge2a@github.io,112.210.155.5
84,Horatio,Bowich,hbowich2b@github.io,78.156.206.166
85,Ruperta,Jacobs,rjacobs2c@vkontakte.ru,54.124.214.59
86,Westbrook,Marin,wmarin2d@themeforest.net,47.185.200.41
87,Pammie,Delahunt,pdelahunt2e@theglobeandmail.com,118.212.47.136
88,Connie,Howison,chowison2f@ameblo.jp,252.8.52.29
89,Linus,Masterton,lmasterton2g@kickstarter.com,118.90.83.112
90,Evanne,Abrahamowitcz,eabrahamowitcz2h@4shared.com,62.43.80.30
91,Sully,Gaiter,sgaiter2i@soundcloud.com,53.109.44.60
92,Immanuel,Harkness,iharkness2j@seattletimes.com,23.26.190.4
93,Sydney,Scutt,sscutt2k@tamu.edu,234.167.230.161
94,Daisie,Inston,dinston2l@wikia.com,192.1.128.56
95,Allyn,Proske,aproske2m@apple.com,92.252.212.72
96,Sherlocke,Andriessen,sandriessen2n@census.gov,135.205.204.248
97,Dedie,Dumbreck,ddumbreck2o@goodreads.com,48.150.128.121
98,Tera,Gollin,tgollin2p@g.co,43.57.45.177
99,Becky,Alphege,balphege2q@si.edu,30.248.248.94
100,Gwenni,Fishpool,gfishpool2r@jugem.jp,210.35.7.226
101,Carson,Montel,cmontel2s@woothemes.com,3.56.129.225
102,Fidela,Chatelain,fchatelain2t@com.com,180.61.93.146
103,Hewett,Follen,hfollen2u@usgs.gov,226.179.194.16
104,Camilla,Jarmain,cjarmain2v@meetup.com,103.112.147.182
105,Gisele,Chatten,gchatten2w@hp.com,127.65.83.107
106,Bartlet,Lotterington,blotterington2x@homestead.com,106.246.229.169
107,Moshe,Shalliker,mshalliker2y@hc360.com,201.162.49.82
108,Beverlee,Stannis,bstannis2z@gmpg.org,145.133.62.151
109,Modesta,Unsworth,munsworth30@reuters.com,97.75.67.142
110,Lemar,Chatburn,lchatburn31@cloudflare.com,138.105.116.225
111,Hoyt,Crinion,hcrinion32@prnewswire.com,252.132.124.237
112,Fletcher,Glowacha,fglowacha33@miitbeian.gov.cn,130.133.50.157
113,Ailyn,Jorissen,ajorissen34@un.org,210.174.192.17
114,Durant,Blacket,dblacket35@spiegel.de,90.197.221.195
115,Ralina,Skamal,rskamal36@fema.gov,57.150.135.222
116,Innis,Zoppo,izoppo37@time.com,241.60.144.177
117,Rosanne,Grimley,rgrimley38@psu.edu,219.136.183.160
118,Hendrick,Petegree,hpetegree39@alibaba.com,225.43.142.217
119,Deana,Bush,dbush3a@google.pl,43.235.28.132
120,Cicely,Chazelas,cchazelas3b@hc360.com,174.222.240.23
121,Kellen,Nicolson,knicolson3c@economist.com,21.68.212.88
122,Augustin,Syfax,asyfax3d@epa.gov,168.157.80.52
123,Mahala,Dobell,mdobell3e@aol.com,121.86.233.121
